Time(s),Input(v),Output(v),Output(m),Output Derivative (m/s),Acceleration (m/s2),Sensor value,,
2.1,2.463,0,0,0,0,,,
2.2,2.463,0,0,0,0,,,
2.3,2.463,0,0,0,0,,,
2.4,2.473,0,0,0,0,,,
2.5,2.463,0,0,0,0,,,
2.6,2.463,0,0,0,0,,,
2.7,2.473,0,0,0,0,,,
2.8,2.463,0,0,0,0,,,
2.9,2.463,0,0,0,0,,,
3,2.463,0,0,0,0,,,
3.1,2.463,0,0,0,0,,,
3.2,2.463,0,0,0,0,,,
3.3,2.463,0,0,0,0,,,
3.4,2.463,0,0,0,0,,,
3.5,2.463,0,0,0,0,,,
3.6,2.463,0,0,0,0,,,
3.7,2.463,0,0,0,0,,,
3.8,2.463,0,0,0,0,,,
3.9,2.463,0,0,0,0,,,
4,2.463,0,0,0,0,,,
4.1,2.463,0,0,0,0,,,
4.2,2.454,0,0,0,0,,,
4.3,2.463,0,0,0,0,,,
4.4,2.463,0,0,0,0,,,
4.5,2.463,0,0,0,0,,,
4.6,2.463,0,0,0,0,,,
4.7,2.463,0,0,0,0,,,
4.8,2.463,0,0,0,0,,,
4.9,2.463,0,0,0,0,,,
5,2.463,0,0,0,0,,,
5.1,2.463,0,0,0,0,,,
5.2,2.463,0,0,0,0,,,
5.3,2.463,0,0,0,0,,,
5.4,2.463,0,0,0,0,,,
5.5,2.463,0,0,0,0,,,
5.6,2.463,0,0,0,0,,,
5.7,2.463,0,0,0,0,,,
5.8,2.473,0,0,0,0,,,
5.9,2.473,0,0,0,0,,,
6,2.473,0,0,0,0,,,
6.1,2.473,0,0,0,0,,,
6.2,2.473,0,0,0,0,,,
6.3,2.473,0,0,0,0,,,
6.4,2.473,0,0,0,0,,,
6.5,2.473,0,0,0,0,,,
6.6,2.473,0,0,0,0,,,
6.7,2.473,0,0,0,0,,,
6.8,2.473,0,0,0,0,,,
6.9,2.473,0,0,0,0,,,
7,2.473,0,0,0,0,,,
7.1,2.483,0,0,0,0,,,
7.2,2.473,0,0,0,0,,,
7.3,2.473,0,0,0,0,,,
7.4,2.473,0,0,0,0,,,
7.5,2.483,0,0,0,0,,,
7.6,2.473,0,0,0,0,,,
7.7,2.473,0,0,0,0,,,
7.8,2.473,0,0,0,0,,,
7.9,2.473,0,0,0,0,,,
8,2.473,0,0,0,0,,,
8.1,2.473,0,0,0,0,,,
8.2,2.473,0,0,0,0,,,
8.3,2.473,0,0,0,0,,,
8.4,2.473,0,0,0,0,,,
8.5,2.473,0,0,0,0,,,
8.6,2.473,0,0,0,0,,,
8.7,2.473,0,0,0,0,,,
8.8,2.473,0,0,0,0,,,
8.9,2.473,0,0,0,0,,,
9,2.473,0,0,0,0,,,
9.1,2.473,0,0,0,0,,,
9.2,2.473,0,0,0,0,,,
9.3,2.463,0,0,0,0,,,
9.4,2.454,0,0,0,0,,,
9.5,2.463,0,0,0,0,,,
9.6,2.454,0,0,0,0,,,
9.7,2.454,0,0,0,0,,,
9.8,2.463,0,0,0,0,,,
9.9,2.454,0,0,0,0,,,
10,2.463,0,0,0,0,,,
10.1,5,0,0,0,4.7,,,
10.2,5,0,0,0.47,4.8,,,
10.3,5,0.021,0.047,0.95,4.6,0.446808511,,
10.4,5,0.062,0.142,1.41,4.6,0.436619718,,
10.5,5,0.124,0.283,1.87,4.6,0.438162544,,
10.6,5,0.207,0.47,2.33,4.5,0.440425532,,
10.7,5,0.309,0.703,2.78,4.6,0.439544808,,
10.8,5,0.432,0.981,3.24,4.5,0.440366972,,
10.9,5,0.574,1.305,3.69,4.4,0.439846743,,
11,5,0.736,1.674,4.13,4.4,0.439665472,,
11.1,5,0.918,2.087,4.57,4.4,0.439865836,,
11.2,5,1.119,2.544,5.01,4.3,0.439858491,,
11.3,5,1.34,3.045,5.44,4.4,0.440065681,,
11.4,5,1.579,3.589,5.88,4.2,0.439955419,,
11.5,5,1.838,4.177,6.3,4.3,0.440028729,,
11.6,5,2.115,4.807,6.73,4.1,0.439983358,,
11.7,5,2.411,5.48,7.14,4.3,0.439963504,,
11.8,5,2.726,6.194,7.57,4.1,0.440103326,,
11.9,5,3.058,6.951,7.98,4.1,0.4399367,,
12,5,3.409,7.749,8.39,4.1,0.439927733,,
12.1,5,3.779,8.588,8.8,4,0.440032604,,
12.2,5,4.166,9.468,9.2,4.1,0.44000845,,
12.3,5,4.571,10.388,9.61,3.9,0.440026954,,
12.4,5,4.993,11.349,10,4,0.439950656,,
12.5,5,5.434,12.349,10.4,3.9,0.44003563,,
12.6,5,5.891,13.389,10.79,3.9,0.43998805,,
12.7,5,6.366,14.468,11.18,3.9,0.440005529,,
12.8,5,6.858,15.586,11.57,3.8,0.440010266,,
12.9,5,7.367,16.743,11.95,3.8,0.440004778,,
13,5,7.893,17.938,12.33,3.8,0.440015609,,
13.1,5,8.435,19.171,12.71,3.7,0.439987481,,
13.2,5,8.994,20.442,13.08,3.7,0.439976519,,
13.3,5,9.57,21.75,13.45,3.8,0.44,,
13.4,5,10,23.095,13.83,3.5,,,
13.5,5,10,24.478,14.18,3.7,,,
13.6,5,10,25.896,14.55,3.6,,,
13.7,5,10,27.351,14.91,3.6,,,
13.8,5,10,28.842,15.27,3.5,,,
13.9,5,10,30.369,15.62,3.6,,,
14,5,10,31.931,15.98,3.4,,,
14.1,5,10,33.529,16.32,3.5,,,
14.2,5,10,35.161,16.67,3.4,,,
14.3,5,10,36.828,17.01,3.4,,,
14.4,5,10,38.529,17.35,3.4,,,
14.5,5,10,40.264,17.69,3.4,,,
14.6,5,10,42.033,18.03,3.3,,,
14.7,5,10,43.836,18.36,3.3,,,
14.8,5,10,45.672,18.69,3.2,,,
14.9,5,10,47.541,19.01,3.3,,,
15,5,10,49.442,19.34,3.3,,,
15.1,5,10,51.376,19.67,3.1,,,
15.2,5,10,53.343,19.98,3.2,,,
15.3,5,10,55.341,20.3,3.2,,,
15.4,5,10,57.371,20.62,3.1,,,
15.5,5,10,59.433,20.93,3.1,,,
15.6,5,10,61.526,21.24,3.1,,,
15.7,5,10,63.65,21.55,3,,,
15.8,5,10,65.805,21.85,3.1,,,
15.9,5,10,67.99,22.16,2.9,,,
16,5,10,70.206,22.45,3.1,,,
16.1,5,10,72.451,22.76,2.9,,,
16.2,5,10,74.727,23.05,2.9,,,
16.3,5,10,77.032,23.34,3,,,
16.4,5,10,79.366,23.64,2.8,,,
16.5,5,10,81.73,23.92,3,,,
16.6,5,10,84.122,24.22,2.7,,,
16.7,5,10,86.544,24.49,2.9,,,
16.8,5,10,88.993,24.78,2.8,,,
16.9,5,10,91.471,25.06,2.8,,,
17,5,10,93.977,25.34,2.7,,,
17.1,5,10,96.511,25.61,2.8,,,
17.2,5,10,99.072,25.89,2.6,,,
17.3,5,10,101.661,26.15,2.8,,,
17.4,5,10,104.276,26.43,2.6,,,
17.5,5,10,106.919,26.69,2.7,,,
17.6,5,10,109.588,26.96,2.7,,,
17.7,5,10,112.284,27.23,2.5,,,
17.8,5,10,115.007,27.48,2.6,,,
17.9,5,10,117.755,27.74,2.6,,,
18,5,10,120.529,28,2.6,,,
18.1,5,10,123.329,28.26,2.5,,,
18.2,5,10,126.155,28.51,2.5,,,
18.3,5,10,129.006,28.76,2.4,,,
18.4,5,10,131.882,29,2.6,,,
18.5,5,10,134.782,29.26,2.4,,,
18.6,5,10,137.708,29.5,2.4,,,
18.7,5,10,140.658,29.74,2.5,,,
18.8,5,10,143.632,29.99,2.3,,,
18.9,5,10,146.631,30.22,2.5,,,
19,5,10,149.653,30.47,2.3,,,
19.1,5,10,152.7,30.7,2.3,,,
19.2,5,10,155.77,30.93,2.3,,,
19.3,5,10,158.863,31.16,2.4,,,
19.4,5,10,161.979,31.4,2.2,,,
19.5,5,10,165.119,31.62,2.3,,,
19.6,5,10,168.281,31.85,2.3,,,
19.7,5,10,171.466,32.08,2.1,,,
19.8,5,10,174.674,32.29,2.3,,,
19.9,5,10,177.903,32.52,2.2,,,
20,5,10,181.155,32.74,2.2,,,
20.1,5,10,184.429,32.96,2.2,,,
20.2,5,10,187.725,33.18,2,,,
20.3,5,10,191.043,33.38,2.3,,,
20.4,5,10,194.381,33.61,2,,,
20.5,5,10,197.742,33.81,2.1,,,
20.6,5,10,201.123,34.02,2.1,,,
20.7,5,10,204.525,34.23,2.1,,,
20.8,5,10,207.948,34.44,2,,,
20.9,5,10,211.392,34.64,2.1,,,
21,5,10,214.856,34.85,1.9,,,
21.1,5,10,218.341,35.04,2.1,,,
21.2,5,10,221.845,35.25,2,,,
21.3,5,10,225.37,35.45,1.9,,,
21.4,5,10,228.915,35.64,2,,,
21.5,5,10,232.479,35.84,1.9,,,
21.6,5,10,236.063,36.03,1.9,,,
21.7,5,10,239.666,36.22,2,,,
21.8,5,10,243.288,36.42,1.8,,,
21.9,5,10,246.93,36.6,2,,,
22,5,10,250.59,36.8,1.7,,,
22.1,5,10,254.27,36.97,2,,,
22.2,5,10,257.967,37.17,1.8,,,
22.3,5,10,261.684,37.35,1.7,,,
22.4,5,10,265.419,37.52,1.9,,,
22.5,5,10,269.171,37.71,1.8,,1.76,y=1.76x+c
22.6,5,10,272.942,37.89,1.8,,,
22.7,5,10,276.731,38.07,1.8,,0.18,
22.8,5,10,280.538,38.25,1.6,,,
22.9,5,10,284.363,38.41,1.9,,,
23,5,10,288.204,38.6,1.6,,,
23.1,5,10,292.064,38.76,1.8,,,
23.2,5,10,295.94,38.94,1.6,,,
23.3,5,10,299.834,39.1,1.8,,,
23.4,5,10,303.744,39.28,1.6,,,
23.5,5,10,307.672,39.44,1.7,,,
23.6,5,10,311.616,39.61,1.6,,,
23.7,5,10,315.577,39.77,1.6,,,
23.8,5,10,319.554,39.93,1.7,,,
23.9,5,10,323.547,40.1,1.6,,,
24,5,10,327.557,40.26,1.5,,,
24.1,5,10,331.583,40.41,1.7,,,
24.2,5,10,335.624,40.58,1.5,,,
24.3,5,10,339.682,40.73,1.6,,,
24.4,5,10,343.755,40.89,1.5,,,
24.5,5,10,347.844,41.04,1.6,,,
24.6,5,10,351.948,41.2,1.4,,,
24.7,5,10,356.068,41.34,1.6,,,
24.8,5,10,360.202,41.5,1.5,,,
24.9,5,10,364.352,41.65,1.5,,,
25,5,10,368.517,41.8,1.4,,,
25.1,5,10,372.697,41.94,1.5,,,
25.2,5,10,376.891,42.09,1.5,,,
25.3,5,10,381.1,42.24,1.4,,,
25.4,5,10,385.324,42.38,1.4,,,
25.5,5,10,389.562,42.52,1.5,,,
25.6,5,10,393.814,42.67,1.3,,,
25.7,5,10,398.081,42.8,1.4,,,
25.8,5,10,402.361,42.94,1.5,,,
25.9,5,10,406.655,43.09,1.3,,,
26,5,10,410.964,43.22,1.3,,,
26.1,5,10,415.286,43.35,1.5,,,
26.2,5,10,419.621,43.5,1.2,,,
26.3,5,10,423.971,43.62,1.4,,,
26.4,5,10,428.333,43.76,1.3,,,
26.5,5,10,432.709,43.89,1.4,,,
26.6,5,10,437.098,44.03,1.2,,,
26.7,5,10,441.501,44.15,1.3,,,
26.8,5,10,445.916,44.28,1.3,,,
26.9,5,10,450.344,44.41,1.2,,,
27,5,10,454.785,44.53,1.4,,,
27.1,5,10,459.238,44.67,1.1,,,
27.2,5,10,463.705,44.78,1.4,,,
27.3,5,10,468.183,44.92,1.1,,,
27.4,5,10,472.675,45.03,1.3,,,
27.5,5,10,477.178,45.16,1.2,,,
27.6,5,10,481.694,45.28,1.1,,,
27.7,5,10,486.222,45.39,1.3,,,
27.8,5,10,490.761,45.52,1.2,,,
27.9,5,10,495.313,45.64,1.1,,,
28,5,10,499.877,45.75,1.2,,,
28.1,5,10,504.452,45.87,1.2,,,
28.2,5,10,509.039,45.99,1.1,,,
28.3,5,10,513.638,46.1,1.1,,,
28.4,5,10,518.248,46.21,1.2,,,
28.5,5,10,522.869,46.33,1.1,,,
28.6,5,10,527.502,46.44,1.1,,,
28.7,5,10,532.146,46.55,1.1,,,
28.8,5,10,536.801,46.66,1.1,,,
28.9,5,10,541.467,46.77,1.1,,,
29,5,10,546.144,46.88,1.1,,,
29.1,5,10,550.832,46.99,1,,,
29.2,5,10,555.531,47.09,1.1,,,
29.3,5,10,560.24,47.2,1.1,,,
29.4,5,10,564.96,47.31,0.9,,,
29.5,5,10,569.691,47.4,1.2,,,
29.6,5,10,574.431,47.52,0.9,,,
29.7,5,10,579.183,47.61,1.1,,,
29.8,5,10,583.944,47.72,1,,,
29.9,5,10,588.716,47.82,1,,,
30,5,10,593.498,47.92,1,,,
30.1,5,10,598.29,48.02,1,,,
30.2,5,10,603.092,48.12,0.9,,,
30.3,5,10,607.904,48.21,1.1,,,
30.4,5,10,612.725,48.32,0.9,,,
30.5,5,10,617.557,48.41,0.9,,,
30.6,5,10,622.398,48.5,1,,,
30.7,5,10,627.248,48.6,1,,,
30.8,5,10,632.108,48.7,0.9,,,
30.9,5,10,636.978,48.79,0.9,,,
31,5,10,641.857,48.88,1,,,
31.1,5,10,646.745,48.98,0.8,,,
31.2,5,10,651.643,49.06,1,,,
31.3,5,10,656.549,49.16,0.8,,,
31.4,5,10,661.465,49.24,1,,,
31.5,5,10,666.389,49.34,0.8,,,
31.6,5,10,671.323,49.42,0.9,,,
31.7,5,10,676.265,49.51,0.9,,,
31.8,5,10,681.216,49.6,0.9,,,
31.9,5,10,686.176,49.69,0.8,,,
32,5,10,691.145,49.77,0.9,,,
32.1,5,10,696.122,49.86,0.8,,,
32.2,5,10,701.108,49.94,0.8,,,
32.3,5,10,706.102,50.02,0.9,,,
32.4,5,10,711.104,50.11,0.8,,,
32.5,5,10,716.115,50.19,0.9,,,
32.6,5,10,721.134,50.28,0.7,,,
32.7,5,10,726.162,50.35,0.9,,,
32.8,5,10,731.197,50.44,0.7,,,
32.9,5,10,736.241,50.51,0.9,,,
33,5,10,741.292,50.6,0.7,,,
33.1,5,10,746.352,50.67,0.8,,,
33.2,5,10,751.419,50.75,0.8,,,
33.3,5,10,756.494,50.83,0.7,,,
33.4,5,10,761.577,50.9,0.9,,,
33.5,5,10,766.667,50.99,0.7,,,
33.6,5,10,771.766,51.06,0.7,,,
33.7,5,10,776.872,51.13,0.8,,,
33.8,5,10,781.985,51.21,0.7,,,
33.9,5,10,787.106,51.28,0.7,,,
34,5,10,792.234,51.35,0.8,,,
34.1,5,10,797.369,51.43,0.7,,,
34.2,5,10,802.512,51.5,0.7,,,
34.3,5,10,807.662,51.57,0.8,,,
34.4,5,10,812.819,51.65,0.6,,,
34.5,5,10,817.984,51.71,0.7,,,
34.6,5,10,823.155,51.78,0.8,,,
34.7,5,10,828.333,51.86,0.6,,,
34.8,5,10,833.519,51.92,0.7,,,
34.9,5,10,838.711,51.99,0.7,,,
35,5,10,843.91,52.06,0.7,,,
35.1,5,10,849.116,52.13,0.6,,,
35.2,5,10,854.329,52.19,0.7,,,
35.3,5,10,859.548,52.26,0.6,,,
35.4,5,10,864.774,52.32,0.7,,,
35.5,5,10,870.006,52.39,0.7,,,
35.6,5,10,875.245,52.46,0.6,,,
35.7,5,10,880.491,52.52,0.6,,,
35.8,5,10,885.743,52.58,0.7,,,
35.9,5,10,891.001,52.65,0.6,,,
36,5,10,896.266,52.71,0.6,,,
36.1,5,10,901.537,52.77,0.6,,,
36.2,5,10,906.814,52.83,0.7,,,
36.3,5,10,912.097,52.9,0.5,,,
36.4,5,10,917.387,52.95,0.699999999,,,
36.5,5,10,922.682,53.02,0.500000001,,,
36.6,5,10,927.984,53.07,0.7,,,
36.7,5,10,933.291,53.14,0.5,,,
36.8,5,10,938.605,53.19,0.6,,,
36.9,5,10,943.924,53.25,0.6,,,
37,5,10,949.249,53.31,0.6,,,
37.1,5,10,954.58,53.37,0.6,,,
37.2,5,10,959.917,53.43,0.5,,,
37.3,5,10,965.26,53.48,0.6,,,
37.4,5,10,970.608,53.54,0.5,,,
37.5,5,10,975.962,53.59,0.6,,,
37.6,5,10,981.321,53.65,0.6,,,
37.7,5,10,986.686,53.71,0.5,,,
37.8,5,10,992.057,53.76,0.5,,,
37.9,5,10,997.433,53.81,0.6,,,
38,5,10,1002.814,53.87,0.5,,,
38.1,5,10,1008.201,53.92,0.5,,,
38.2,5,10,1013.593,53.97,0.5,,,
38.3,5,10,1018.99,54.02,0.6,,,
38.4,5,10,1024.392,54.08,0.5,,,
38.5,5,10,1029.8,54.13,0.5,,,
38.6,5,10,1035.213,54.18,0.5,,,
38.7,5,10,1040.631,54.23,0.5,,,
38.8,5,10,1046.054,54.28,0.6,,,
38.9,5,10,1051.482,54.34,0.4,,,
39,5,10,1056.916,54.38,0.5,,,
39.1,5,10,1062.354,54.43,0.5,,,
39.2,5,10,1067.797,54.48,0.4,,,
39.3,5,10,1073.245,54.52,0.6,,,
39.4,5,10,1078.697,54.58,0.4,,,
39.5,5,10,1084.155,54.62,0.5,,,
39.6,5,10,1089.617,54.67,0.5,,,
39.7,5,10,1095.084,54.72,0.5,,,
39.8,5,10,1100.556,54.77,0.4,,,
39.9,5,10,1106.033,54.81,0.4,,,
40,5,10,1111.514,54.85,0.6,,,
40.1,5,10,1116.999,54.91,0.3,,,
40.2,5,10,1122.49,54.94,0.6,,,
40.3,5,10,1127.984,55,0.3,,,
40.4,5,10,1133.484,55.03,0.5,,,
40.5,5,10,1138.987,55.08,0.5,,,
40.6,5,10,1144.495,55.13,0.4,,,
40.7,5,10,1150.008,55.17,0.4,,,
40.8,5,10,1155.525,55.21,0.4,,,
40.9,5,10,1161.046,55.25,0.5,,,
41,5,10,1166.571,55.3,0.4,,,
41.1,5,10,1172.101,55.34,0.4,,,
41.2,5,10,1177.635,55.38,0.4,,,
41.3,5,10,1183.173,55.42,0.4,,,
41.4,5,10,1188.715,55.46,0.5,,,
41.5,5,10,1194.261,55.51,0.3,,,
41.6,5,10,1199.812,55.54,0.4,,,
41.7,5,10,1205.366,55.58,0.5,,,
41.8,5,10,1210.924,55.63,0.3,,,
41.9,5,10,1216.487,55.66,0.5,,,
42,5,10,1222.053,55.71,0.3,,,
42.1,5,10,1227.624,55.74,0.4,,,
42.2,5,10,1233.198,55.78,0.4,,,
42.3,5,10,1238.776,55.82,0.3,,,
42.4,5,10,1244.358,55.85,0.5,,,
42.5,5,10,1249.943,55.9,0.3,,,
42.6,5,10,1255.533,55.93,0.4,,,
42.7,5,10,1261.126,55.97,0.4,,,
42.8,5,10,1266.723,56.01,0.3,,,
42.9,5,10,1272.324,56.04,0.4,,,
43,5,10,1277.928,56.08,0.3,,,
43.1,5,10,1283.536,56.11,0.4,,,
43.2,5,10,1289.147,56.15,0.4,,,
43.3,5,10,1294.762,56.19,0.3,,,
43.4,5,10,1300.381,56.22,0.4,,,
43.5,5,10,1306.003,56.26,0.299999999,,,
43.6,5,10,1311.629,56.29,0.400000001,,,
43.7,5,10,1317.258,56.33,0.2,,,
43.8,5,10,1322.891,56.35,0.5,,,
43.9,5,10,1328.526,56.4,0.2,,,
44,5,10,1334.166,56.42,0.4,,,
44.1,5,10,1339.808,56.46,0.4,,,
44.2,5,10,1345.454,56.5,0.2,,,
44.3,5,10,1351.104,56.52,0.4,,,
44.4,5,10,1356.756,56.56,0.3,,,
44.5,5,10,1362.412,56.59,0.4,,,
44.6,5,10,1368.071,56.63,0.2,,,
44.7,5,10,1373.734,56.65,0.4,,,
44.8,5,10,1379.399,56.69,0.2,,,
44.9,5,10,1385.068,56.71,0.4,,,
45,5,10,1390.739,56.75,0.3,,,
45.1,5,10,1396.414,56.78,0.3,,,
45.2,5,10,1402.092,56.81,0.3,,,
45.3,5,10,1407.773,56.84,0.3,,,
45.4,5,10,1413.457,56.87,0.3,,,
45.5,5,10,1419.144,56.9,0.3,,,
45.6,5,10,1424.834,56.93,0.3,,,
45.7,5,10,1430.527,56.96,0.3,,,
45.8,5,10,1436.223,56.99,0.2,,,
45.9,5,10,1441.922,57.01,0.4,,,
46,5,10,1447.623,57.05,0.2,,,
46.1,5,10,1453.328,57.07,0.3,,,
46.2,5,10,1459.035,57.1,0.3,,,
46.3,5,10,1464.745,57.13,0.3,,,
46.4,5,10,1470.458,57.16,0.3,,,
46.5,5,10,1476.174,57.19,0.2,,,
46.6,5,10,1481.893,57.21,0.3,,,
46.7,5,10,1487.614,57.24,0.3,,,
46.8,5,10,1493.338,57.27,0.2,,,
46.9,5,10,1499.065,57.29,0.3,,,
47,5,10,1504.794,57.32,0.3,,,
47.1,5,10,1510.526,57.35,0.2,,,
47.2,5,10,1516.261,57.37,0.3,,,
47.3,5,10,1521.998,57.4,0.3,,,
47.4,5,10,1527.738,57.43,0.2,,,
47.5,5,10,1533.481,57.45,0.2,,,
47.6,5,10,1539.226,57.47,0.3,,,
47.7,5,10,1544.973,57.5,0.3,,,
47.8,5,10,1550.723,57.53,0.2,,,
47.9,5,10,1556.476,57.55,0.2,,,
48,5,10,1562.231,57.57,0.3,,,
48.1,5,10,1567.988,57.6,0.2,,,
48.2,5,10,1573.748,57.62,0.3,,,
48.3,5,10,1579.51,57.65,0.2,,,
48.4,5,10,1585.275,57.67,0.3,,,
48.5,5,10,1591.042,57.7,0.1,,,
48.6,5,10,1596.812,57.71,0.3,,,
48.7,5,10,1602.583,57.74,0.3,,,
48.8,5,10,1608.357,57.77,0.1,,,
48.9,5,10,1614.134,57.78,0.3,,,
49,5,10,1619.912,57.81,0.3,,,
49.1,5,10,1625.693,57.84,0.1,,,
49.2,5,10,1631.477,57.85,0.3,,,
49.3,5,10,1637.262,57.88,0.2,,,
49.4,5,10,1643.05,57.9,0.2,,,
49.5,5,10,1648.84,57.92,0.2,,,
49.6,5,10,1654.632,57.94,0.2,,,
49.7,5,10,1660.426,57.96,0.3,,,
49.8,5,10,1666.222,57.99,0.1,,,
49.9,5,10,1672.021,58,0.3,,,
50,5,10,1677.821,58.03,0.2,,,
50.1,5,10,1683.624,58.05,0.2,,,
50.2,5,10,1689.429,58.07,0.2,,,
50.3,5,10,1695.236,58.09,0.1,,,
50.4,5,10,1701.045,58.1,0.3,,,
50.5,5,10,1706.855,58.13,0.199999999,,,
50.6,5,10,1712.668,58.15,0.200000001,,,
50.7,5,10,1718.483,58.17,0.2,,,
50.8,5,10,1724.3,58.19,0.2,,,
50.9,5,10,1730.119,58.21,0.2,,,
51,5,10,1735.94,58.23,0.1,,,
51.1,5,10,1741.763,58.24,0.3,,,
51.2,5,10,1747.587,58.27,0.2,,,
51.3,5,10,1753.414,58.29,0.1,,,
51.4,5,10,1759.243,58.3,0.2,,,
51.5,5,10,1765.073,58.32,0.2,,,
51.6,5,10,1770.905,58.34,0.2,,,
51.7,5,10,1776.739,58.36,0.2,,,
51.8,5,10,1782.575,58.38,0.2,,,
51.9,5,10,1788.413,58.4,0.1,,,
52,5,10,1794.253,58.41,0.2,,,
52.1,5,10,1800.094,58.43,0.2,,,
52.2,5,10,1805.937,58.45,0.2,,,
52.3,5,10,1811.782,58.47,0.1,,,
52.4,5,10,1817.629,58.48,0.2,,,
52.5,5,10,1823.477,58.5,0.2,,,
52.6,5,10,1829.327,58.52,0.2,,,
52.7,5,10,1835.179,58.54,0.1,,,
52.8,5,10,1841.033,58.55,0.2,,,
52.9,5,10,1846.888,58.57,0.1,,,
53,5,10,1852.745,58.58,0.3,,,
53.1,5,10,1858.603,58.61,2.27E-11,,,
53.2,5,10,1864.464,58.61,0.3,,,
53.3,5,10,1870.325,58.64,0.1,,,
53.4,5,10,1876.189,58.65,0.2,,,
53.5,5,10,1882.054,58.67,0.1,,,
53.6,5,10,1887.921,58.68,0.2,,,
53.7,5,10,1893.789,58.7,0.1,,,
53.8,5,10,1899.659,58.71,0.2,,,
53.9,5,10,1905.53,58.73,0.1,,,
54,5,10,1911.403,58.74,0.2,,,
54.1,5,10,1917.277,58.76,0.2,,,
54.2,5,10,1923.153,58.78,0.1,,,
54.3,5,10,1929.031,58.79,0.1,,,
54.4,5,10,1934.91,58.8,0.2,,,
54.5,5,10,1940.79,58.82,0.2,,,
54.6,5,10,1946.672,58.84,0,,,
54.7,5,10,1952.556,58.84,0.3,,,
54.8,5,10,1958.44,58.87,4.19E-11,,,
54.9,5,10,1964.327,58.87,0.3,,,
55,5,10,1970.214,58.9,-2.27E-11,,,
55.1,5,10,1976.104,58.9,0.2,,,
55.2,5,10,1981.994,58.92,0.1,,,
55.3,5,10,1987.886,58.93,0.2,,,
55.4,5,10,1993.779,58.95,0.1,,,
55.5,5,10,1999.674,58.96,0.2,,,
55.6,5,10,2005.57,58.98,-2.27E-11,,,
55.7,5,10,2011.468,58.98,0.2,,,
55.8,5,10,2017.366,59,0.2,,,
55.9,5,10,2023.266,59.02,0.1,,,
56,5,10,2029.168,59.03,0.1,,,
56.1,5,10,2035.071,59.04,0.1,,,
56.2,5,10,2040.975,59.05,0.1,,,
56.3,5,10,2046.88,59.06,0.2,,,
56.4,5,10,2052.786,59.08,0.1,,,
56.5,5,10,2058.694,59.09,0.2,,,
56.6,5,10,2064.603,59.11,0,,,
56.7,5,10,2070.514,59.11,0.2,,,
56.8,5,10,2076.425,59.13,0.1,,,
56.9,5,10,2082.338,59.14,0.2,,,
57,5,10,2088.252,59.16,-4.55E-11,,,
57.1,5,10,2094.168,59.16,0.2,,,
57.2,5,10,2100.084,59.18,0.1,,,
57.3,5,10,2106.002,59.19,0.1,,,
57.4,5,10,2111.921,59.2,0.1,,,
57.5,5,10,2117.841,59.21,0.1,,,
57.6,5,10,2123.762,59.22,0.199999999,,,
57.7,5,10,2129.684,59.24,5.89E-10,,,
57.8,5,10,2135.608,59.24,0.2,,,
57.9,5,10,2141.532,59.26,0.1,,,
58,5,10,2147.458,59.27,0.1,,,
58.1,5,10,2153.385,59.28,0.1,,,
58.2,5,10,2159.313,59.29,0.1,,,
58.3,5,10,2165.242,59.3,0.2,,,
58.4,5,10,2171.172,59.32,3.27E-12,,,
58.5,5,10,2177.104,59.32,0.2,,,
58.6,5,10,2183.036,59.34,4.55E-11,,,
58.7,5,10,2188.97,59.34,0.2,,,
58.8,5,10,2194.904,59.36,-3.27E-12,,,
58.9,5,10,2200.84,59.36,0.2,,,
59,5,10,2206.776,59.38,0.1,,,
59.1,5,10,2212.714,59.39,4.55E-11,,,
59.2,5,10,2218.653,59.39,0.2,,,
59.3,5,10,2224.592,59.41,0.1,,,
59.4,5,10,2230.533,59.42,-4.22E-11,,,
59.5,5,10,2236.475,59.42,0.2,,,
59.6,5,10,2242.417,59.44,0.1,,,
59.7,5,10,2248.361,59.45,0,,,
59.8,5,10,2254.306,59.45,0.2,,,
59.9,5,10,2260.251,59.47,0.1,,,
60,5,10,2266.198,59.48,-4.55E-11,,,
60.1,5,10,2272.146,59.48,0.2,,,
60.2,5,10,2278.094,59.5,4.55E-11,,,
60.3,5,10,2284.044,59.5,0.1,,,
60.4,5,10,2289.994,59.51,0.2,,,
60.5,5,10,2295.945,59.53,0,,,
60.6,5,10,2301.898,59.53,0.1,,,
60.7,5,10,2307.851,59.54,0.1,,,
60.8,5,10,2313.805,59.55,0.1,,,
60.9,5,10,2319.76,59.56,3.20E-12,,,
61,5,10,2325.716,59.56,0.2,,,
61.1,5,10,2331.672,59.58,0,,,
61.2,5,10,2337.63,59.58,0.2,,,
61.3,5,10,2343.588,59.6,8.78E-11,,,
61.4,5,10,2349.548,59.6,0.1,,,
61.5,5,10,2355.508,59.61,0.1,,,
61.6,5,10,2361.469,59.62,0.1,,,
61.7,5,10,2367.431,59.63,4.55E-11,,,
61.8,5,10,2373.394,59.63,0.2,,,
61.9,5,10,2379.357,59.65,-8.78E-11,,,
62,5,10,2385.322,59.65,0.1,,,
62.1,5,10,2391.287,59.66,0.1,,,
62.2,5,10,2397.253,59.67,0.1,,,
62.3,5,10,2403.22,59.68,-3.13E-12,,,
62.4,5,10,2409.188,59.68,0.1,,,
62.5,5,10,2415.156,59.69,0.2,,,
62.6,5,10,2421.125,59.71,-0.1,,,
62.7,5,10,2427.096,59.7,0.2,,,
62.8,5,10,2433.066,59.72,4.24E-11,,,
62.9,5,10,2439.038,59.72,0.1,,,
63,5,10,2445.01,59.73,0.1,,,
63.1,5,10,2450.983,59.74,0.1,,,
63.2,5,10,2456.957,59.75,4.54E-11,,,
63.3,5,10,2462.932,59.75,0.1,,,
63.4,5,10,2468.907,59.76,0.1,,,
63.5,5,10,2474.883,59.77,0.1,,,
63.6,5,10,2480.86,59.78,-4.55E-11,,,
63.7,5,10,2486.838,59.78,0.1,,,
63.8,5,10,2492.816,59.79,-2.98E-12,,,
63.9,5,10,2498.795,59.79,0.2,,,
64,5,10,2504.774,59.81,3.95E-11,,,
64.1,5,10,2510.755,59.81,0.1,,,
64.2,5,10,2516.736,59.82,-8.51E-11,,,
64.3,5,10,2522.718,59.82,0.1,,,
64.4,5,10,2528.7,59.83,0.1,,,
64.5,5,10,2534.683,59.84,8.51E-11,,,
64.6,5,10,2540.667,59.84,0.1,,,
64.7,5,10,2546.651,59.85,0.1,,,
64.8,5,10,2552.636,59.86,0.1,,,
64.9,5,10,2558.622,59.87,-8.51E-11,,,
65,5,10,2564.609,59.87,8.51E-11,,,
65.1,5,10,2570.596,59.87,0.2,,,
65.2,5,10,2576.583,59.89,-8.51E-11,,,
65.3,5,10,2582.572,59.89,8.51E-11,,,
65.4,5,10,2588.561,59.89,0.200000001,,,
65.5,5,10,2594.55,59.91,-0.100000001,,,
65.6,5,10,2600.541,59.9,0.2,,,
65.7,5,10,2606.531,59.92,-1.31E-10,,,
65.8,5,10,2612.523,59.92,0.1,,,
65.9,5,10,2618.515,59.93,-3.96E-11,,,
66,5,10,2624.508,59.93,0.1,,,
66.1,5,10,2630.501,59.94,4.55E-11,,,
66.2,5,10,2636.495,59.94,0.1,,,
66.3,5,10,2642.489,59.95,0.1,,,
66.4,5,10,2648.484,59.96,-8.53E-11,,,
66.5,5,10,2654.48,59.96,0.1,,,
66.6,5,10,2660.476,59.97,0,,,
66.7,5,10,2666.473,59.97,0.1,,,
66.8,5,10,2672.47,59.98,0.1,,,
66.9,5,10,2678.468,59.99,-1.31E-10,,,
67,5,10,2684.467,59.99,1.31E-10,,,
67.1,5,10,2690.466,59.99,0.1,,,
67.2,5,10,2696.465,60,0.1,,,
67.3,5,10,2702.465,60.01,-4.66E-10,,,
67.4,5,10,2708.466,60.01,0.1,,,
67.5,5,10,2714.467,60.02,8.53E-11,,,
67.6,5,10,2720.469,60.02,0.1,,,
67.7,5,10,2726.471,60.03,-1.31E-10,,,
67.8,5,10,2732.474,60.03,0.1,,,
67.9,5,10,2738.477,60.04,0.1,,,
68,5,10,2744.481,60.05,-0.1,,,
68.1,5,10,2750.486,60.04,0.2,,,
68.2,5,10,2756.49,60.06,-1.31E-10,,,
68.3,5,10,2762.496,60.06,8.53E-11,,,
68.4,5,10,2768.502,60.06,0.1,,,
68.5,5,10,2774.508,60.07,8.54E-11,,,
68.6,5,10,2780.515,60.07,0.1,,,
68.7,5,10,2786.522,60.08,-1.31E-10,,,
68.8,5,10,2792.53,60.08,0.1,,,
68.9,5,10,2798.538,60.09,5.12E-10,,,
69,5,10,2804.547,60.09,0.099999999,,,
69.1,5,10,2810.556,60.1,4.55E-11,,,
69.2,5,10,2816.566,60.1,0.1,,,
69.3,5,10,2822.576,60.11,8.54E-11,,,
69.4,5,10,2828.587,60.11,-8.54E-11,,,
69.5,5,10,2834.598,60.11,0.1,,,
69.6,5,10,2840.609,60.12,0.1,,,
69.7,5,10,2846.621,60.13,-8.55E-11,,,
69.8,5,10,2852.634,60.13,8.55E-11,,,
69.9,5,10,2858.647,60.13,0.1,,,
70,5,10,2864.66,60.14,8.55E-11,,,
70.1,5,10,2870.674,60.14,0.1,,,
70.2,5,10,2876.688,60.15,-8.55E-11,,,
70.3,5,10,2882.703,60.15,1.31E-10,,,
70.4,5,10,2888.718,60.15,0.1,,,
70.5,5,10,2894.733,60.16,0.1,,,
70.6,5,10,2900.749,60.17,-0.1,,,
70.7,5,10,2906.766,60.16,0.1,,,
70.8,5,10,2912.782,60.17,0.1,,,
70.9,5,10,2918.799,60.18,0,,,
71,5,10,2924.817,60.18,-8.55E-11,,,
71.1,5,10,2930.835,60.18,0.1,,,
71.2,5,10,2936.853,60.19,-4.01E-11,,,
71.3,5,10,2942.872,60.19,0.1,,,
71.4,5,10,2948.891,60.2,0,,,
71.5,5,10,2954.911,60.2,-8.55E-11,,,
71.6,5,10,2960.931,60.2,0.1,,,
71.7,5,10,2966.951,60.21,-1.31E-10,,,
71.8,5,10,2972.972,60.21,1.31E-10,,,
71.9,5,10,2978.993,60.21,0.1,,,
72,5,10,2985.014,60.22,0.1,,,
72.1,5,10,2991.036,60.23,-0.1,,,
72.2,5,10,2997.059,60.22,0.1,,,
72.3,5,10,3003.081,60.23,1.31E-10,,,
72.4,5,10,3009.104,60.23,0.1,,,
72.5,5,10,3015.127,60.24,5.59E-10,,,
72.6,5,10,3021.151,60.24,0.099999999,,,
72.7,5,10,3027.175,60.25,-0.1,,,
72.8,5,10,3033.2,60.24,0.1,,,
72.9,5,10,3039.224,60.25,0.1,,,
73,5,10,3045.249,60.26,-1.31E-10,,,
73.1,5,10,3051.275,60.26,1.31E-10,,,
73.2,5,10,3057.301,60.26,-1.31E-10,,,
73.3,5,10,3063.327,60.26,0.1,,,
73.4,5,10,3069.353,60.27,0,,,
73.5,5,10,3075.38,60.27,0.1,,,
73.6,5,10,3081.407,60.28,-0.1,,,
73.7,5,10,3087.435,60.27,0.2,,,
73.8,5,10,3093.462,60.29,-0.1,,,
73.9,5,10,3099.491,60.28,0.1,,,
74,5,10,3105.519,60.29,-4.01E-11,,,
74.1,5,10,3111.548,60.29,4.01E-11,,,
74.2,5,10,3117.577,60.29,0.1,,,
74.3,5,10,3123.606,60.3,-4.69E-10,,,
74.4,5,10,3129.636,60.3,-4.55E-11,,,
74.5,5,10,3135.666,60.3,0.1,,,
74.6,5,10,3141.696,60.31,8.57E-11,,,
74.7,5,10,3147.727,60.31,-4.02E-11,,,
74.8,5,10,3153.758,60.31,0.1,,,
74.9,5,10,3159.789,60.32,4.55E-11,,,
75,5,10,3165.821,60.32,-8.58E-11,,,
75.1,5,10,3171.853,60.32,4.03E-11,,,
75.2,5,10,3177.885,60.32,0.1,,,
75.3,5,10,3183.917,60.33,1.31E-10,,,
75.4,5,10,3189.95,60.33,-4.55E-11,,,
75.5,5,10,3195.983,60.33,0.1,,,
75.6,5,10,3202.016,60.34,-0.1,,,
75.7,5,10,3208.05,60.33,0.2,,,
75.8,5,10,3214.083,60.35,-0.1,,,
75.9,5,10,3220.118,60.34,0.1,,,
76,5,10,3226.152,60.35,5.60E-10,,,
76.1,5,10,3232.187,60.35,-5.60E-10,,,
76.2,5,10,3238.222,60.35,-8.58E-11,,,
76.3,5,10,3244.257,60.35,0.1,,,
76.4,5,10,3250.292,60.36,0,,,
76.5,5,10,3256.328,60.36,-8.58E-11,,,
76.6,5,10,3262.364,60.36,0.1,,,
76.7,5,10,3268.4,60.37,-4.03E-11,,,
76.8,5,10,3274.437,60.37,4.03E-11,,,
76.9,5,10,3280.474,60.37,0,,,
77,5,10,3286.511,60.37,-4.03E-11,,,
77.1,5,10,3292.548,60.37,0.1,,,
77.2,5,10,3298.585,60.38,-8.58E-11,,,
77.3,5,10,3304.623,60.38,0.1,,,
77.4,5,10,3310.661,60.39,-0.1,,,
77.5,5,10,3316.7,60.38,0.1,,,
77.6,5,10,3322.738,60.39,4.04E-11,,,
77.7,5,10,3328.777,60.39,5.60E-10,,,
77.8,5,10,3334.816,60.39,0.099999999,,,
77.9,5,10,3340.855,60.4,-0.1,,,
78,5,10,3346.895,60.39,0.1,,,
78.1,5,10,3352.934,60.4,8.58E-11,,,
78.2,5,10,3358.974,60.4,0.1,,,
78.3,5,10,3365.014,60.41,1.31E-10,,,
78.4,5,10,3371.055,60.41,-0.1,,,
78.5,5,10,3377.096,60.4,0.1,,,
78.6,5,10,3383.136,60.41,0.1,,,
78.7,5,10,3389.177,60.42,-0.1,,,
78.8,5,10,3395.219,60.41,0.1,,,
78.9,5,10,3401.26,60.42,0,,,
79,5,10,3407.302,60.42,-8.58E-11,,,
79.1,5,10,3413.344,60.42,0.1,,,
79.2,5,10,3419.386,60.43,-0.1,,,
79.3,5,10,3425.429,60.42,0.1,,,
79.4,5,10,3431.471,60.43,-4.55E-11,,,
79.5,5,10,3437.514,60.43,5.61E-10,,,
79.6,5,10,3443.557,60.43,0.099999999,,,
79.7,5,10,3449.6,60.44,-0.1,,,
79.8,5,10,3455.644,60.43,0.1,,,
79.9,5,10,3461.687,60.44,4.04E-11,,,
80,5,10,3467.731,60.44,-8.59E-11,,,
80.1,5,10,3473.775,60.44,0.1,,,
80.2,5,10,3479.819,60.45,-0.1,,,
80.3,5,10,3485.864,60.44,0.1,,,
80.4,5,10,3491.908,60.45,8.59E-11,,,
80.5,5,10,3497.953,60.45,0.1,,,
80.6,5,10,3503.998,60.46,-0.1,,,
80.7,5,10,3510.044,60.45,0,,,
80.8,5,10,3516.089,60.45,0.1,,,
80.9,5,10,3522.134,60.46,1.31E-10,,,
81,5,10,3528.18,60.46,-1.31E-10,,,
81.1,5,10,3534.226,60.46,0.1,,,
81.2,5,10,3540.272,60.47,-0.1,,,
81.3,5,10,3546.319,60.46,0.100000001,,,
81.4,5,10,3552.365,60.47,-5.16E-10,,,
81.5,5,10,3558.412,60.47,-8.60E-11,,,
81.6,5,10,3564.459,60.47,8.60E-11,,,
81.7,5,10,3570.506,60.47,0,,,
81.8,5,10,3576.553,60.47,0.1,,,
81.9,5,10,3582.6,60.48,4.05E-11,,,
82,5,10,3588.648,60.48,-4.05E-11,,,
82.1,5,10,3594.696,60.48,4.05E-11,,,
82.2,5,10,3600.744,60.48,4.55E-11,,,
82.3,5,10,3606.792,60.48,-1.31E-10,,,
82.4,5,10,3612.84,60.48,0.1,,,
82.5,5,10,3618.888,60.49,-8.60E-11,,,
82.6,5,10,3624.937,60.49,-0.1,,,
82.7,5,10,3630.986,60.48,0.1,,,
82.8,5,10,3637.034,60.49,0.1,,,
82.9,5,10,3643.083,60.5,-0.1,,,
83,5,10,3649.133,60.49,0.100000001,,,
83.1,5,10,3655.182,60.5,-0.100000001,,,
83.2,5,10,3661.232,60.49,0.1,,,
83.3,5,10,3667.281,60.5,-1.31E-10,,,
83.4,5,10,3673.331,60.5,1.31E-10,,,
83.5,5,10,3679.381,60.5,-8.60E-11,,,
83.6,5,10,3685.431,60.5,0.1,,,
83.7,5,10,3691.481,60.51,0,,,
83.8,5,10,3697.532,60.51,-0.1,,,
83.9,5,10,3703.583,60.5,0.1,,,
84,5,10,3709.633,60.51,-1.31E-10,,,
84.1,5,10,3715.684,60.51,8.60E-11,,,
84.2,5,10,3721.735,60.51,0.1,,,
84.3,5,10,3727.786,60.52,-0.1,,,
84.4,5,10,3733.838,60.51,0.1,,,
84.5,5,10,3739.889,60.52,-0.1,,,
84.6,5,10,3745.941,60.51,0.1,,,
84.7,5,10,3751.992,60.52,4.55E-11,,,
84.8,5,10,3758.044,60.52,5.16E-10,,,
84.9,5,10,3764.096,60.52,0.099999999,,,
85,5,10,3770.148,60.53,-0.1,,,
85.1,5,10,3776.201,60.52,0.1,,,
85.2,5,10,3782.253,60.53,-0.1,,,
85.3,5,10,3788.306,60.52,0.1,,,
85.4,5,10,3794.358,60.53,8.60E-11,,,
85.5,5,10,3800.411,60.53,-8.60E-11,,,
85.6,5,10,3806.464,60.53,1.31E-10,,,
85.7,5,10,3812.517,60.53,0.1,,,
85.8,5,10,3818.57,60.54,-0.1,,,
85.9,5,10,3824.624,60.53,0.1,,,
86,5,10,3830.677,60.54,-1.31E-10,,,
86.1,5,10,3836.731,60.54,-0.1,,,
86.2,5,10,3842.785,60.53,0.1,,,
86.3,5,10,3848.838,60.54,-4.05E-11,,,
86.4,5,10,3854.892,60.54,0.1,,,
86.5,5,10,3860.946,60.55,-0.1,,,
86.6,5,10,3867.001,60.54,-4.71E-10,,,
86.7,5,10,3873.055,60.54,0.1,,,
86.8,5,10,3879.109,60.55,-1.32E-10,,,
86.9,5,10,3885.164,60.55,-0.1,,,
87,5,10,3891.219,60.54,0.1,,,
87.1,5,10,3897.273,60.55,8.60E-11,,,
87.2,5,10,3903.328,60.55,4.55E-11,,,
87.3,5,10,3909.383,60.55,0.1,,,
87.4,5,10,3915.438,60.56,-0.1,,,
87.5,5,10,3921.494,60.55,-8.60E-11,,,
87.6,5,10,3927.549,60.55,0.1,,,
87.7,5,10,3933.604,60.56,0,,,
87.8,5,10,3939.66,60.56,-0.1,,,
87.9,5,10,3945.716,60.55,0.1,,,
88,5,10,3951.771,60.56,-1.32E-10,,,
88.1,5,10,3957.827,60.56,1.32E-10,,,
88.2,5,10,3963.883,60.56,0.1,,,
88.3,5,10,3969.939,60.57,-0.1,,,
88.4,5,10,3975.996,60.56,-5.16E-10,,,
88.5,5,10,3982.052,60.56,0.1,,,
88.6,5,10,3988.108,60.57,-0.1,,,
88.7,5,10,3994.165,60.56,0.1,,,
88.8,5,10,4000.221,60.57,-4.06E-11,,,
88.9,5,10,4006.278,60.57,4.06E-11,,,
89,5,10,4012.335,60.57,-4.06E-11,,,
89.1,5,10,4018.392,60.57,4.06E-11,,,
89.2,5,10,4024.449,60.57,4.55E-11,,,
89.3,5,10,4030.506,60.57,0.1,,,
89.4,5,10,4036.563,60.58,-0.1,,,
89.5,5,10,4042.621,60.57,-4.06E-11,,,
89.6,5,10,4048.678,60.57,0.1,,,
89.7,5,10,4054.735,60.58,0,,,
89.8,5,10,4060.793,60.58,-0.1,,,
89.9,5,10,4066.851,60.57,0.1,,,
90,5,10,4072.908,60.58,-8.61E-11,,,
90.1,5,10,4078.966,60.58,6.89E-10,,,
90.2,5,10,4085.024,60.58,-5.57E-10,,,
90.3,5,10,4091.082,60.58,0.1,,,
90.4,5,10,4097.14,60.59,-0.1,,,
90.5,5,10,4103.199,60.58,0,,,
90.6,5,10,4109.257,60.58,0.1,,,
90.7,5,10,4115.315,60.59,-0.1,,,
90.8,5,10,4121.374,60.58,0.1,,,
90.9,5,10,4127.432,60.59,8.61E-11,,,
91,5,10,4133.491,60.59,0,,,
91.1,5,10,4139.55,60.59,-1.77E-10,,,
91.2,5,10,4145.609,60.59,1.77E-10,,,
91.3,5,10,4151.668,60.59,-8.61E-11,,,
91.4,5,10,4157.727,60.59,8.61E-11,,,
91.5,5,10,4163.786,60.59,0,,,
91.6,5,10,4169.845,60.59,-1.77E-10,,,
91.7,5,10,4175.904,60.59,0.1,,,
91.8,5,10,4181.963,60.6,-0.1,,,
91.9,5,10,4188.023,60.59,0.099999999,,,
92,5,10,4194.082,60.6,-0.1,,,
92.1,5,10,4200.142,60.59,0.1,,,
92.2,5,10,4206.201,60.6,-4.83E-12,,,
92.3,5,10,4212.261,60.6,4.83E-12,,,
92.4,5,10,4218.321,60.6,-4.83E-12,,,
92.5,5,10,4224.381,60.6,9.09E-11,,,
92.6,5,10,4230.441,60.6,-1.77E-10,,,
92.7,5,10,4236.501,60.6,1.77E-10,,,
92.8,5,10,4242.561,60.6,-1.77E-10,,,
92.9,5,10,4248.621,60.6,1.77E-10,,,
93,5,10,4254.681,60.6,0.1,,,
93.1,5,10,4260.741,60.61,-0.1,,,
93.2,5,10,4266.802,60.6,0.1,,,
93.3,5,10,4272.862,60.61,-0.1,,,
93.4,5,10,4278.923,60.6,0.1,,,
93.5,5,10,4284.983,60.61,0,,,
93.6,5,10,4291.044,60.61,6.08E-10,,,
93.7,5,10,4297.105,60.61,-0.100000001,,,
93.8,5,10,4303.166,60.6,0.1,,,
93.9,5,10,4309.226,60.61,-4.83E-12,,,
94,5,10,4315.287,60.61,0,,,
94.1,5,10,4321.348,60.61,4.83E-12,,,
94.2,5,10,4327.409,60.61,0.1,,,
94.3,5,10,4333.47,60.62,-0.1,,,
94.4,5,10,4339.532,60.61,1.77E-10,,,
94.5,5,10,4345.593,60.61,0.1,,,
94.6,5,10,4351.654,60.62,-0.1,,,
94.7,5,10,4357.716,60.61,0.1,,,
94.8,5,10,4363.777,60.62,-0.1,,,
94.9,5,10,4369.839,60.61,0.1,,,
95,5,10,4375.9,60.62,-0.1,,,
95.1,5,10,4381.962,60.61,0.1,,,
95.2,5,10,4388.023,60.62,8.61E-11,,,
95.3,5,10,4394.085,60.62,5.17E-10,,,
95.4,5,10,4400.147,60.62,-5.17E-10,,,
95.5,5,10,4406.209,60.62,0,,,
95.6,5,10,4412.271,60.62,4.83E-12,,,
95.7,5,10,4418.333,60.62,-4.83E-12,,,
95.8,5,10,4424.395,60.62,-8.61E-11,,,
95.9,5,10,4430.457,60.62,8.61E-11,,,
96,5,10,4436.519,60.62,0.1,,,
96.1,5,10,4442.581,60.63,-0.1,,,
96.2,5,10,4448.644,60.62,8.61E-11,,,
96.3,5,10,4454.706,60.62,0.1,,,
96.4,5,10,4460.768,60.63,-0.1,,,
96.5,5,10,4466.831,60.62,0.1,,,
96.6,5,10,4472.893,60.63,-8.62E-11,,,
96.7,5,10,4478.956,60.63,-0.1,,,
96.8,5,10,4485.019,60.62,0.1,,,
96.9,5,10,4491.081,60.63,8.62E-11,,,
97,5,10,4497.144,60.63,0,,,
97.1,5,10,4503.207,60.63,-0.1,,,
97.2,5,10,4509.27,60.62,0.1,,,
97.3,5,10,4515.332,60.63,-1.77E-10,,,
97.4,5,10,4521.395,60.63,1.77E-10,,,
97.5,5,10,4527.458,60.63,0,,,
97.6,5,10,4533.521,60.63,0.1,,,
97.7,5,10,4539.584,60.64,-0.1,,,
97.8,5,10,4545.648,60.63,-8.62E-11,,,
97.9,5,10,4551.711,60.63,8.62E-11,,,
98,5,10,4557.774,60.63,0.1,,,
98.1,5,10,4563.837,60.64,-0.1,,,
98.2,5,10,4569.901,60.63,8.62E-11,,,
98.3,5,10,4575.964,60.63,0.1,,,
98.4,5,10,4582.027,60.64,-0.1,,,
98.5,5,10,4588.091,60.63,0.1,,,
98.6,5,10,4594.154,60.64,4.76E-12,,,
98.7,5,10,4600.218,60.64,-0.1,,,
98.8,5,10,4606.282,60.63,0.100000001,,,
98.9,5,10,4612.345,60.64,-5.98E-10,,,
99,5,10,4618.409,60.64,-0.1,,,
99.1,5,10,4624.473,60.63,0.1,,,
99.2,5,10,4630.536,60.64,-4.76E-12,,,
99.3,5,10,4636.6,60.64,9.09E-11,,,
99.4,5,10,4642.664,60.64,-8.62E-11,,,
99.5,5,10,4648.728,60.64,-4.76E-12,,,
99.6,5,10,4654.792,60.64,4.76E-12,,,
99.7,5,10,4660.856,60.64,8.62E-11,,,
99.8,5,10,4666.92,60.64,-9.09E-11,,,
99.9,5,10,4672.984,60.64,0.099999998,,,
100,5,10,4679.048,60.65,-0.099999998,,,
100.1,5,10,4685.113,60.64,4.76E-12,,,
100.2,5,10,4691.177,60.64,8.62E-11,,,
100.3,5,10,4697.241,60.64,0.1,,,
100.4,5,10,4703.305,60.65,-0.1,,,
100.5,5,10,4709.37,60.64,0.1,,,
100.6,5,10,4715.434,60.65,-0.1,,,
100.7,5,10,4721.499,60.64,0.1,,,
100.8,5,10,4727.563,60.65,-0.1,,,
100.9,5,10,4733.628,60.64,0.1,,,
101,5,10,4739.692,60.65,-0.1,,,
101.1,5,10,4745.757,60.64,0.1,,,
101.2,5,10,4751.821,60.65,-4.76E-12,,,
101.3,5,10,4757.886,60.65,-0.1,,,
101.4,5,10,4763.951,60.64,0.1,,,
101.5,5,10,4770.015,60.65,6.12E-09,,,
101.6,5,10,4776.08,60.65,-6.12E-09,,,
101.7,5,10,4782.145,60.65,-8.62E-11,,,
101.8,5,10,4788.21,60.65,1.77E-10,,,
101.9,5,10,4794.275,60.65,-1.77E-10,,,
102,5,10,4800.34,60.65,1.77E-10,,,
102.1,5,10,4806.405,60.65,-9.09E-11,,,
102.2,5,10,4812.47,60.65,4.76E-12,,,
102.3,5,10,4818.535,60.65,-4.76E-12,,,
102.4,5,10,4824.6,60.65,-8.62E-11,,,
102.5,5,10,4830.665,60.65,1.77E-10,,,
102.6,5,10,4836.73,60.65,-9.09E-11,,,
102.7,5,10,4842.795,60.65,4.76E-12,,,
102.8,5,10,4848.86,60.65,0.1,,,
102.9,5,10,4854.925,60.66,-0.1,,,
103,5,10,4860.991,60.65,1.77E-10,,,
103.1,5,10,4867.056,60.65,0.1,,,
103.2,5,10,4873.121,60.66,-0.1,,,
103.3,5,10,4879.187,60.65,-4.76E-12,,,
103.4,5,10,4885.252,60.65,0.1,,,
103.5,5,10,4891.317,60.66,-0.1,,,
103.6,5,10,4897.383,60.65,0.1,,,
103.7,5,10,4903.448,60.66,-0.1,,,
103.8,5,10,4909.514,60.65,0.1,,,
103.9,5,10,4915.579,60.66,-1.77E-10,,,
104,5,10,4921.645,60.66,-0.1,,,
104.1,5,10,4927.711,60.65,0.1,,,
104.2,5,10,4933.776,60.66,4.76E-12,,,
104.3,5,10,4939.842,60.66,-0.1,,,
104.4,5,10,4945.908,60.65,0.1,,,
104.5,5,10,4951.973,60.66,8.62E-11,,,
104.6,5,10,4958.039,60.66,9.09E-11,,,
104.7,5,10,4964.105,60.66,-1.77E-10,,,
104.8,5,10,4970.171,60.66,8.62E-11,,,
104.9,5,10,4976.237,60.66,-0.1,,,
105,5,10,4982.303,60.65,0.1,,,
105.1,5,10,4988.368,60.66,0,,,
105.2,5,10,4994.434,60.66,-8.62E-11,,,
105.3,5,10,5000.5,60.66,8.62E-11,,,
105.4,5,10,5006.566,60.66,4.76E-12,,,
105.5,5,10,5012.632,60.66,-4.76E-12,,,
105.6,5,10,5018.698,60.66,0.1,,,
105.7,5,10,5024.764,60.67,-0.1,,,
105.8,5,10,5030.831,60.66,8.62E-11,,,
105.9,5,10,5036.897,60.66,4.76E-12,,,
106,5,10,5042.963,60.66,-4.76E-12,,,
106.1,5,10,5049.029,60.66,0,,,
106.2,5,10,5055.095,60.66,0.1,,,
106.3,5,10,5061.161,60.67,-0.1,,,
106.4,5,10,5067.228,60.66,-8.62E-11,,,
106.5,5,10,5073.294,60.66,0.1,,,
106.6,5,10,5079.36,60.67,-0.1,,,
106.7,5,10,5085.427,60.66,-1.77E-10,,,
106.8,5,10,5091.493,60.66,0.1,,,
106.9,5,10,5097.559,60.67,-0.1,,,
107,5,10,5103.626,60.66,0.1,,,
107.1,5,10,5109.692,60.67,-0.1,,,
107.2,5,10,5115.759,60.66,0.1,,,
107.3,5,10,5121.825,60.67,-0.1,,,
107.4,5,10,5127.892,60.66,0.1,,,
107.5,5,10,5133.958,60.67,-0.1,,,
107.6,5,10,5140.025,60.66,0.1,,,
107.7,5,10,5146.091,60.67,-0.1,,,
107.8,5,10,5152.158,60.66,0.1,,,
107.9,5,10,5158.224,60.67,-8.62E-11,,,
108,5,10,5164.291,60.67,-0.1,,,
108.1,5,10,5170.358,60.66,0.1,,,
108.2,5,10,5176.424,60.67,-8.62E-11,,,
108.3,5,10,5182.491,60.67,8.62E-11,,,
108.4,5,10,5188.558,60.67,-0.1,,,
108.5,5,10,5194.625,60.66,0.1,,,
108.6,5,10,5200.691,60.67,0,,,
108.7,5,10,5206.758,60.67,-8.62E-11,,,
108.8,5,10,5212.825,60.67,8.62E-11,,,
108.9,5,10,5218.892,60.67,-0.1,,,
109,5,10,5224.959,60.66,0.1,,,
109.1,5,10,5231.025,60.67,0,,,
109.2,5,10,5237.092,60.67,-8.62E-11,,,
109.3,5,10,5243.159,60.67,8.62E-11,,,
109.4,5,10,5249.226,60.67,-8.62E-11,,,
109.5,5,10,5255.293,60.67,8.62E-11,,,
109.6,5,10,5261.36,60.67,0,,,
109.7,5,10,5267.427,60.67,-8.62E-11,,,
109.8,5,10,5273.494,60.67,8.62E-11,,,
109.9,5,10,5279.561,60.67,-8.62E-11,,,
110,5,10,5285.628,60.67,8.62E-11,,,
110.1,5,10,5291.695,60.67,0,,,
110.2,5,10,5297.762,60.67,0.1,,,
110.3,5,10,5303.829,60.68,-0.1,,,
110.4,5,10,5309.897,60.67,-8.62E-11,,,
110.5,5,10,5315.964,60.67,8.62E-11,,,
110.6,5,10,5322.031,60.67,0,,,
110.7,5,10,5328.098,60.67,0.1,,,
110.8,5,10,5334.165,60.68,-0.1,,,
110.9,5,10,5340.233,60.67,-8.62E-11,,,
111,5,10,5346.3,60.67,8.62E-11,,,
111.1,5,10,5352.367,60.67,0.1,,,
111.2,5,10,5358.434,60.68,-0.1,,,
111.3,5,10,5364.502,60.67,8.62E-11,,,
111.4,5,10,5370.569,60.67,0.1,,,
111.5,5,10,5376.636,60.68,-0.1,,,
111.6,5,10,5382.704,60.67,0,,,
111.7,5,10,5388.771,60.67,0.1,,,
111.8,5,10,5394.838,60.68,-0.1,,,
111.9,5,10,5400.906,60.67,-8.62E-11,,,
112,5,10,5406.973,60.67,0.1,,,
112.1,5,10,5413.04,60.68,-0.1,,,
112.2,5,10,5419.108,60.67,0.1,,,
112.3,5,10,5425.175,60.68,-0.1,,,
112.4,5,10,5431.243,60.67,0.1,,,
112.5,5,10,5437.31,60.68,-0.1,,,
112.6,5,10,5443.378,60.67,0.1,,,
112.7,5,10,5449.445,60.68,-0.1,,,
112.8,5,10,5455.513,60.67,0.1,,,
112.9,5,10,5461.58,60.68,-8.62E-11,,,
113,5,10,5467.648,60.68,-0.1,,,
113.1,5,10,5473.716,60.67,0.1,,,
113.2,5,10,5479.783,60.68,-0.1,,,
113.3,5,10,5485.851,60.67,0.1,,,
113.4,5,10,5491.918,60.68,-8.62E-11,,,
113.5,5,10,5497.986,60.68,-0.1,,,
113.6,5,10,5504.054,60.67,0.1,,,
113.7,5,10,5510.121,60.68,-1.77E-10,,,
113.8,5,10,5516.189,60.68,-0.1,,,
113.9,5,10,5522.257,60.67,0.1,,,
114,5,10,5528.324,60.68,8.62E-11,,,
114.1,5,10,5534.392,60.68,0,,,
114.2,5,10,5540.46,60.68,-0.1,,,
114.3,5,10,5546.528,60.67,0.1,,,
114.4,5,10,5552.595,60.68,4.76E-12,,,
114.5,5,10,5558.663,60.68,8.62E-11,,,
114.6,5,10,5564.731,60.68,0,,,
114.7,5,10,5570.799,60.68,-0.1,,,
114.8,5,10,5576.867,60.67,0.1,,,
114.9,5,10,5582.934,60.68,-1.77E-10,,,
115,5,10,5589.002,60.68,1.77E-10,,,
115.1,5,10,5595.07,60.68,0,,,
115.2,5,10,5601.138,60.68,-8.62E-11,,,
115.3,5,10,5607.206,60.68,-4.76E-12,,,
115.4,5,10,5613.274,60.68,4.76E-12,,,
115.5,5,10,5619.342,60.68,8.62E-11,,,
115.6,5,10,5625.41,60.68,-0.1,,,
115.7,5,10,5631.478,60.67,0.1,,,
115.8,5,10,5637.545,60.68,-4.76E-12,,,
115.9,5,10,5643.613,60.68,4.76E-12,,,
116,5,10,5649.681,60.68,8.62E-11,,,
116.1,5,10,5655.749,60.68,0,,,
116.2,5,10,5661.817,60.68,-8.62E-11,,,
116.3,5,10,5667.885,60.68,-4.76E-12,,,
116.4,5,10,5673.953,60.68,4.76E-12,,,
116.5,5,10,5680.021,60.68,0.1,,,
116.6,5,10,5686.089,60.69,-0.1,,,
116.7,5,10,5692.158,60.68,4.76E-12,,,
116.8,5,10,5698.226,60.68,8.62E-11,,,
116.9,5,10,5704.294,60.68,-8.62E-11,,,
117,5,10,5710.362,60.68,-4.76E-12,,,
117.1,5,10,5716.43,60.68,9.09E-11,,,
117.2,5,10,5722.498,60.68,-8.62E-11,,,
117.3,5,10,5728.566,60.68,8.62E-11,,,
117.4,5,10,5734.634,60.68,-8.62E-11,,,
117.5,5,10,5740.702,60.68,0.1,,,
117.6,5,10,5746.77,60.69,-0.1,,,
117.7,5,10,5752.839,60.68,-8.62E-11,,,
117.8,5,10,5758.907,60.68,-4.76E-12,,,
117.9,5,10,5764.975,60.68,4.76E-12,,,
118,5,10,5771.043,60.68,0.1,,,
118.1,5,10,5777.111,60.69,-0.1,,,
118.2,5,10,5783.18,60.68,4.76E-12,,,
118.3,5,10,5789.248,60.68,8.62E-11,,,
118.4,5,10,5795.316,60.68,0.1,,,
118.5,5,10,5801.384,60.69,-0.1,,,
118.6,5,10,5807.453,60.68,9.09E-11,,,
118.7,5,10,5813.521,60.68,-8.62E-11,,,
118.8,5,10,5819.589,60.68,0.1,,,
118.9,5,10,5825.657,60.69,-0.1,,,
119,5,10,5831.726,60.68,8.62E-11,,,
119.1,5,10,5837.794,60.68,0.100000006,,,
119.2,5,10,5843.862,60.69,-0.100000006,,,
119.3,5,10,5849.931,60.68,-8.62E-11,,,
119.4,5,10,5855.999,60.68,0.1,,,
119.5,5,10,5862.067,60.69,-0.1,,,
119.6,5,10,5868.136,60.68,1.77E-10,,,
119.7,5,10,5874.204,60.68,0.1,,,
119.8,5,10,5880.272,60.69,-0.1,,,
119.9,5,10,5886.341,60.68,1.77E-10,,,
120,5,10,5892.409,60.68,0.1,,,
120.1,5,10,5898.477,60.69,-0.1,,,
120.2,5,10,5904.546,60.68,-115.4771405,,,
120.3,5,10,5910.614,49.13228595,0.40841468,,,
